<?xml version="1.0" encoding="UTF-8"?>
<project-private xmlns="http://www.netbeans.org/ns/project-private/1">
    <editor-bookmarks xmlns="http://www.netbeans.org/ns/editor-bookmarks/2" lastBookmarkId="0"/>
    <open-files xmlns="http://www.netbeans.org/ns/projectui-open-files/2">
        <group>
            <file>file:/C:/Users/danie/OneDrive/Documentos/NetBeansProjects/Gil_Castillo_Daniel_RA1_AF_SimulacroExamenPrincipiosSolid/src/solucion/LamparaLog.java</file>
            <file>file:/C:/Users/danie/OneDrive/Documentos/NetBeansProjects/Gil_Castillo_Daniel_RA1_AF_SimulacroExamenPrincipiosSolid/src/solucion/MainApp.java</file>
            <file>file:/C:/Users/danie/OneDrive/Documentos/NetBeansProjects/Gil_Castillo_Daniel_RA1_AF_SimulacroExamenPrincipiosSolid/src/solucion/README.md</file>
            <file>file:/C:/Users/danie/OneDrive/Documentos/NetBeansProjects/Gil_Castillo_Daniel_RA1_AF_SimulacroExamenPrincipiosSolid/src/solucion/LamparaAccion.java</file>
        </group>
    </open-files>
</project-private>
